,Name,Count,percent,other
SBin[1],Pass__Default,38496,69.62%,1
SBin[2],Fail__Default,0,0.00%,5
SBin[5],SiteRight__AllFail,0,0.00%,5
SBin[6],Pin10BST__AllFail,1,0.00%,5
SBin[7],Pin4CS__AllFail,0,0.00%,5
SBin[8],Pin12MODE__AllFail,0,0.00%,5
SBin[9],Pin8REF__AllFail,12,0.02%,5
SBin[10],Pin6FB__AllFail,0,0.00%,5
SBin[11],Pin5EN__AllFail,0,0.00%,5
SBin[12],Pin9PGOOD__AllFail,0,0.00%,5
SBin[13],Pin13VCC__AllFail,0,0.00%,5
SBin[14],Pin3VIN__AllFail,2,0.00%,5
SBin[15],Pin2PH__AllFail,32,0.06%,5
SBin[16],Ivin_sd_12V__AllFail,57,0.10%,6
SBin[17],Ivin_sd_16V__AllFail,4,0.01%,6
SBin[18],Ivin_sd_18V__AllFail,3,0.01%,6
SBin[19],VPG_10mA__AllFail,31,0.06%,6
SBin[20],VPG_400uA__AllFail,178,0.32%,6
SBin[21],Ivin_q_12V__AllFail,127,0.23%,6
SBin[22],BST_LKG_5V5__AllFail,11,0.02%,6
SBin[23],PG_LKG_4V8__AllFail,16,0.03%,6
SBin[24],EN_LKG_5V5__AllFail,0,0.00%,6
SBin[25],MODE_LKG_5V5__AllFail,12,0.02%,6
SBin[26],CS_LKG_5V5__AllFail,1,0.00%,6
SBin[27],FB_LKG_5V5__AllFail,0,0.00%,6
SBin[28],HS_LKG_12V__AllFail,0,0.00%,6
SBin[29],HS_LKG_18V__AllFail,0,0.00%,6
SBin[30],LS_LKG_12V__AllFail,2567,4.64%,6
SBin[31],LS_LKG_18V__AllFail,151,0.27%,6
SBin[32],Efuse31_16__AllFail,1160,2.10%,7
SBin[33],Efuse15_0__AllFail,2,0.00%,7
SBin[34],ReEfuseOK__AllFail,7501,13.57%,7
SBin[35],VBG_init__AllFail,0,0.00%,6
SBin[36],VBG_trim__AllFail,0,0.00%,6
SBin[37],VBG_final__AllFail,58,0.10%,6
SBin[38],VFB_init__AllFail,0,0.00%,6
SBin[39],VFB_trim__AllFail,0,0.00%,6
SBin[40],VFB_final__AllFail,8,0.01%,6
SBin[41],Vref__AllFail,1,0.00%,6
SBin[42],Vref-VFB__AllFail,0,0.00%,6
SBin[43],Ivref_0V__AllFail,1,0.00%,6
SBin[44],Ivref_1V__AllFail,1,0.00%,6
SBin[45],Freq_init__AllFail,0,0.00%,6
SBin[46],Freq_trim__AllFail,0,0.00%,6
SBin[47],Freq_final__AllFail,13,0.02%,6
SBin[48],PG_H__AllFail,4,0.01%,6
SBin[49],PG_L__AllFail,2,0.00%,6
SBin[50],OV_H__AllFail,1,0.00%,6
SBin[51],OV_L__AllFail,0,0.00%,6
SBin[52],UV_H__AllFail,0,0.00%,6
SBin[53],UV_L__AllFail,0,0.00%,6
SBin[54],OSM_H__AllFail,0,0.00%,6
SBin[55],OSM_L__AllFail,0,0.00%,6
SBin[56],SS_1__AllFail,6,0.01%,6
SBin[57],SS_2__AllFail,0,0.00%,6
SBin[58],NOC__AllFail,10,0.02%,6
SBin[59],Vcs_Limit__AllFail,37,0.07%,6
SBin[60],ICS_init__AllFail,8,0.01%,6
SBin[61],OC_trim__AllFail,0,0.00%,6
SBin[62],ICS_final__AllFail,4657,8.42%,6
SBin[63],CZ__AllFail,3,0.01%,6
SBin[64],RonLS_3_3__AllFail,1,0.00%,6
SBin[65],RonHS_3_3__AllFail,11,0.02%,6
SBin[66],RonLS_5__AllFail,0,0.00%,6
SBin[67],RonHS_5__AllFail,2,0.00%,6
SBin[68],OT__AllFail,29,0.05%,6
SBin[69],EfuseCheck31_16__AllFail,3,0.01%,7
SBin[70],EfuseCheck15_0__AllFail,0,0.00%,7
SBin[71],Efuse32_Error__AllFail,0,0.00%,7
SBin[72],Efuse31_16Aft__AllFail,8,0.01%,7
SBin[73],Efuse15_0Aft__AllFail,0,0.00%,7
SBin[74],Efuse32_ErrorAft__AllFail,0,0.00%,7
SBin[75],VCC__AllFail,2,0.00%,6
SBin[76],VCC_-25mA__AllFail,0,0.00%,6
SBin[77],Ivcc_sd_5V__AllFail,19,0.03%,6
SBin[78],RON_DISCH__AllFail,0,0.00%,6
SBin[79],ENUVLO_R__AllFail,6,0.01%,6
SBin[80],ENUVLO_F__AllFail,0,0.00%,6
SBin[81],VINUVLO_H__AllFail,0,0.00%,6
SBin[82],VINUVLO_L__AllFail,0,0.00%,6
SBin[83],FB_leak__AllFail,0,0.00%,6
SBin[84],EN_leak__AllFail,0,0.00%,6
SBin[85],VCCUVL_H__AllFail,0,0.00%,6
SBin[86],VCCUVLO_L__AllFail,0,0.00%,6
SBin[87],Ivin_sd_12V_Aft__AllFail,1,0.00%,6
SBin[88],Ivin_sd_16V_Aft__AllFail,0,0.00%,6
SBin[89],Ivin_sd_18V_Aft__AllFail,0,0.00%,6
SBin[90],VPG_10mA_Aft__AllFail,0,0.00%,6
SBin[91],VPG_400uA_Aft__AllFail,19,0.03%,6
SBin[92],Ivin_q_12V_Aft__AllFail,3,0.01%,6
SBin[93],BST_LKG_5V5_Aft__AllFail,0,0.00%,6
SBin[94],PG_LKG_4V8_Aft__AllFail,0,0.00%,6
SBin[95],EN_LKG_5V5_Aft__AllFail,1,0.00%,6
SBin[96],MODE_LKG_5V5_Aft__AllFail,0,0.00%,6
SBin[97],CS_LKG_5V5_Aft__AllFail,0,0.00%,6
SBin[98],FB_LKG_5V5_Aft__AllFail,0,0.00%,6
SBin[99],HS_LKG_12V_Aft__AllFail,0,0.00%,6
SBin[100],HS_LKG_18V_Aft__AllFail,0,0.00%,6
SBin[101],LS_LKG_12V_Aft__AllFail,5,0.01%,6
SBin[102],LS_LKG_18V_Aft__AllFail,9,0.02%,6
SBin[103],Pin10BST1__AllFail,0,0.00%,5
SBin[104],Pin4CS1__AllFail,0,0.00%,5
SBin[105],Pin12MODE1__AllFail,0,0.00%,5
SBin[106],Pin8REF1__AllFail,0,0.00%,5
SBin[107],Pin6FB1__AllFail,0,0.00%,5
SBin[108],Pin5EN1__AllFail,0,0.00%,5
SBin[109],Pin9PGOOD1__AllFail,0,0.00%,5
SBin[110],Pin13VCC1__AllFail,0,0.00%,5
SBin[111],Pin3VIN1__AllFail,0,0.00%,5
SBin[112],Pin2PH1__AllFail,0,0.00%,5
